{
  "global_root_mean": [
    0.004111838927004873,
    0.9306212905410333,
    0.00016111313885628828,
    -0.00012825174297690725,
    0.0004943913734391799
  ],
  "global_root_std": [
    1.4547986066033511,
    0.1732659140957635,
    1.4642333908131662,
    0.7071319020343809,
    0.7070814747853515
  ],
  "local_root_mean": [
    1.4260418404676708e-05,
    -0.0002269335193062295,
    -0.0001386226508586951,
    0.9306212905410333
  ],
  "local_root_std": [
    0.7558578722455181,
    0.4592992312445262,
    0.46048714125300205,
    0.1732659140957635
  ],
  "fps": 30,
  "body_slice_start": 5,
  "body_slice_end": 369,
  "motion_rep_dim": 369
}